,age,fnlwgt,education_num,capital_gain,capital_loss,hours_per_week,US_Native,Male,White,Married
count,30162.0,30162.0,30162.0,30162.0,30162.0,30162.0,30162.0,30162.0,30162.0,30162.0
mean,38.437901995888865,189793.83393011073,10.12131158411246,1092.0078575691268,88.37248856176646,40.93123798156621,0.911875870300378,0.6756846362973278,0.8597904648232876,0.4663152310854718
std,13.134664776855985,105652.97152851899,2.549994918856736,7406.346496683502,404.29837048637563,11.979984229274882,0.2834800377006389,0.4681262373275848,0.3472100492970641,0.49887231590136105
min,17.0,13769.0,1.0,0.0,0.0,1.0,0.0,0.0,0.0,0.0
25%,28.0,117627.25,9.0,0.0,0.0,40.0,1.0,0.0,1.0,0.0
50%,37.0,178425.0,10.0,0.0,0.0,40.0,1.0,1.0,1.0,0.0
75%,47.0,237628.5,13.0,0.0,0.0,45.0,1.0,1.0,1.0,1.0
max,90.0,1484705.0,16.0,99999.0,4356.0,99.0,1.0,1.0,1.0,1.0
